"code","name","geo_id","province_id"
"1001","เขตพระนคร","ภาคกลาง","กรุงเทพมหานคร"
"1002","เขตดุสิต","ภาคกลาง","กรุงเทพมหานคร"
"1003","เขตหนองจอก","ภาคกลาง","กรุงเทพมหานคร"
"1004","เขตบางรัก","ภาคกลาง","กรุงเทพมหานคร"
"1005","เขตบางเขน","ภาคกลาง","กรุงเทพมหานคร"
"1006","เขตบางกะปิ","ภาคกลาง","กรุงเทพมหานคร"
"1007","เขตปทุมวัน","ภาคกลาง","กรุงเทพมหานคร"
"1008","เขตป้อมปราบศัตรูพ่าย","ภาคกลาง","กรุงเทพมหานคร"
"1009","เขตพระโขนง","ภาคกลาง","กรุงเทพมหานคร"
"1010","เขตมีนบุรี","ภาคกลาง","กรุงเทพมหานคร"
"1011","เขตลาดกระบัง","ภาคกลาง","กรุงเทพมหานคร"
"1012","เขตยานนาวา","ภาคกลาง","กรุงเทพมหานคร"
"1013","เขตสัมพันธวงศ์","ภาคกลาง","กรุงเทพมหานคร"
"1014","เขตพญาไท","ภาคกลาง","กรุงเทพมหานคร"
"1015","เขตธนบุรี","ภาคกลาง","กรุงเทพมหานคร"
"1016","เขตบางกอกใหญ่","ภาคกลาง","กรุงเทพมหานคร"
"1017","เขตห้วยขวาง","ภาคกลาง","กรุงเทพมหานคร"
"1018","เขตคลองสาน","ภาคกลาง","กรุงเทพมหานคร"
"1019","เขตตลิ่งชัน","ภาคกลาง","กรุงเทพมหานคร"
"1020","เขตบางกอกน้อย","ภาคกลาง","กรุงเทพมหานคร"
"1021","เขตบางขุนเทียน","ภาคกลาง","กรุงเทพมหานคร"
"1022","เขตภาษีเจริญ","ภาคกลาง","กรุงเทพมหานคร"
"1023","เขตหนองแขม","ภาคกลาง","กรุงเทพมหานคร"
"1024","เขตราษฎร์บูรณะ","ภาคกลาง","กรุงเทพมหานคร"
"1025","เขตบางพลัด","ภาคกลาง","กรุงเทพมหานคร"
"1026","เขตดินแดง","ภาคกลาง","กรุงเทพมหานคร"
"1027","เขตบึงกุ่ม","ภาคกลาง","กรุงเทพมหานคร"
"1028","เขตสาทร","ภาคกลาง","กรุงเทพมหานคร"
"1029","เขตบางซื่อ","ภาคกลาง","กรุงเทพมหานคร"
"1030","เขตจตุจักร","ภาคกลาง","กรุงเทพมหานคร"
"1031","เขตบางคอแหลม","ภาคกลาง","กรุงเทพมหานคร"
"1032","เขตประเวศ","ภาคกลาง","กรุงเทพมหานคร"
"1033","เขตคลองเตย","ภาคกลาง","กรุงเทพมหานคร"
"1034","เขตสวนหลวง","ภาคกลาง","กรุงเทพมหานคร"
"1035","เขตจอมทอง","ภาคกลาง","กรุงเทพมหานคร"
"1036","เขตดอนเมือง","ภาคกลาง","กรุงเทพมหานคร"
"1037","เขตราชเทวี","ภาคกลาง","กรุงเทพมหานคร"
"1038","เขตลาดพร้าว","ภาคกลาง","กรุงเทพมหานคร"
"1039","เขตวัฒนา","ภาคกลาง","กรุงเทพมหานคร"
"1040","เขตบางแค","ภาคกลาง","กรุงเทพมหานคร"
"1041","เขตหลักสี่","ภาคกลาง","กรุงเทพมหานคร"
"1042","เขตสายไหม","ภาคกลาง","กรุงเทพมหานคร"
"1043","เขตคันนายาว","ภาคกลาง","กรุงเทพมหานคร"
"1044","เขตสะพานสูง","ภาคกลาง","กรุงเทพมหานคร"
"1045","เขตวังทองหลาง","ภาคกลาง","กรุงเทพมหานคร"
"1046","เขตคลองสามวา","ภาคกลาง","กรุงเทพมหานคร"
"1047","เขตบางนา","ภาคกลาง","กรุงเทพมหานคร"
"1048","เขตทวีวัฒนา","ภาคกลาง","กรุงเทพมหานคร"
"1049","เขตทุ่งครุ","ภาคกลาง","กรุงเทพมหานคร"
"1050","เขตบางบอน","ภาคกลาง","กรุงเทพมหานคร"
"1081","*บ้านทะวาย","ภาคกลาง","กรุงเทพมหานคร"
"1101","เมืองสมุทรปราการ","ภาคกลาง","สมุทรปราการ"
"1102","บางบ่อ","ภาคกลาง","สมุทรปราการ"
"1103","บางพลี","ภาคกลาง","สมุทรปราการ"
"1104","พระประแดง","ภาคกลาง","สมุทรปราการ"
"1105","พระสมุทรเจดีย์","ภาคกลาง","สมุทรปราการ"
"1106","บางเสาธง","ภาคกลาง","สมุทรปราการ"
"1201","เมืองนนทบุรี","ภาคกลาง","นนทบุรี"
"1202","บางกรวย","ภาคกลาง","นนทบุรี"
"1203","บางใหญ่","ภาคกลาง","นนทบุรี"
"1204","บางบัวทอง","ภาคกลาง","นนทบุรี"
"1205","ไทรน้อย","ภาคกลาง","นนทบุรี"
"1206","ปากเกร็ด","ภาคกลาง","นนทบุรี"
"1251","เทศบาลนครนนทบุรี (สาขาแขวงท่าทราย)*","ภาคกลาง","นนทบุรี"
"1297","เทศบาลเมืองปากเกร็ด*","ภาคกลาง","นนทบุรี"
"1301","เมืองปทุมธานี","ภาคกลาง","ปทุมธานี"
"1302","คลองหลวง","ภาคกลาง","ปทุมธานี"
"1303","ธัญบุรี","ภาคกลาง","ปทุมธานี"
"1304","หนองเสือ","ภาคกลาง","ปทุมธานี"
"1305","ลาดหลุมแก้ว","ภาคกลาง","ปทุมธานี"
"1306","ลำลูกกา","ภาคกลาง","ปทุมธานี"
"1307","สามโคก","ภาคกลาง","ปทุมธานี"
"1351","ลำลูกกา (สาขาตำบลคูคต)*","ภาคกลาง","ปทุมธานี"
"1401","พระนครศรีอยุธยา","ภาคกลาง","พระนครศรีอยุธยา"
"1402","ท่าเรือ","ภาคกลาง","พระนครศรีอยุธยา"
"1403","นครหลวง","ภาคกลาง","พระนครศรีอยุธยา"
"1404","บางไทร","ภาคกลาง","พระนครศรีอยุธยา"
"1405","บางบาล","ภาคกลาง","พระนครศรีอยุธยา"
"1406","บางปะอิน","ภาคกลาง","พระนครศรีอยุธยา"
"1407","บางปะหัน","ภาคกลาง","พระนครศรีอยุธยา"
"1408","ผักไห่","ภาคกลาง","พระนครศรีอยุธยา"
"1409","ภาชี","ภาคกลาง","พระนครศรีอยุธยา"
"1410","ลาดบัวหลวง","ภาคกลาง","พระนครศรีอยุธยา"
"1411","วังน้อย","ภาคกลาง","พระนครศรีอยุธยา"
"1412","เสนา","ภาคกลาง","พระนครศรีอยุธยา"
"1413","บางซ้าย","ภาคกลาง","พระนครศรีอยุธยา"
"1414","อุทัย","ภาคกลาง","พระนครศรีอยุธยา"
"1415","มหาราช","ภาคกลาง","พระนครศรีอยุธยา"
"1416","บ้านแพรก","ภาคกลาง","พระนครศรีอยุธยา"
"1501","เมืองอ่างทอง","ภาคกลาง","อ่างทอง"
"1502","ไชโย","ภาคกลาง","อ่างทอง"
"1503","ป่าโมก","ภาคกลาง","อ่างทอง"
"1504","โพธิ์ทอง","ภาคกลาง","อ่างทอง"
"1505","แสวงหา","ภาคกลาง","อ่างทอง"
"1506","วิเศษชัยชาญ","ภาคกลาง","อ่างทอง"
"1507","สามโก้","ภาคกลาง","อ่างทอง"
"1601","เมืองลพบุรี","ภาคกลาง","ลพบุรี"
"1602","พัฒนานิคม","ภาคกลาง","ลพบุรี"
"1603","โคกสำโรง","ภาคกลาง","ลพบุรี"
"4012","พล","ภาคตะวันออกเฉียงเหนือ","ขอนแก่น"
"1604","ชัยบาดาล","ภาคกลาง","ลพบุรี"
"1605","ท่าวุ้ง","ภาคกลาง","ลพบุรี"
"1606","บ้านหมี่","ภาคกลาง","ลพบุรี"
"1607","ท่าหลวง","ภาคกลาง","ลพบุรี"
"1608","สระโบสถ์","ภาคกลาง","ลพบุรี"
"1609","โคกเจริญ","ภาคกลาง","ลพบุรี"
"1610","ลำสนธิ","ภาคกลาง","ลพบุรี"
"1611","หนองม่วง","ภาคกลาง","ลพบุรี"
"1681","*อ.บ้านเช่า จ.ลพบุรี","ภาคกลาง","ลพบุรี"
"1701","เมืองสิงห์บุรี","ภาคกลาง","สิงห์บุรี"
"1702","บางระจัน","ภาคกลาง","สิงห์บุรี"
"1703","ค่ายบางระจัน","ภาคกลาง","สิงห์บุรี"
"1704","พรหมบุรี","ภาคกลาง","สิงห์บุรี"
"1705","ท่าช้าง","ภาคกลาง","สิงห์บุรี"
"1706","อินทร์บุรี","ภาคกลาง","สิงห์บุรี"
"1801","เมืองชัยนาท","ภาคกลาง","ชัยนาท"
"1802","มโนรมย์","ภาคกลาง","ชัยนาท"
"1803","วัดสิงห์","ภาคกลาง","ชัยนาท"
"1804","สรรพยา","ภาคกลาง","ชัยนาท"
"1805","สรรคบุรี","ภาคกลาง","ชัยนาท"
"1806","หันคา","ภาคกลาง","ชัยนาท"
"1807","หนองมะโมง","ภาคกลาง","ชัยนาท"
"1808","เนินขาม","ภาคกลาง","ชัยนาท"
"1901","เมืองสระบุรี","ภาคกลาง","สระบุรี"
"1902","แก่งคอย","ภาคกลาง","สระบุรี"
"1903","หนองแค","ภาคกลาง","สระบุรี"
"1904","วิหารแดง","ภาคกลาง","สระบุรี"
"1905","หนองแซง","ภาคกลาง","สระบุรี"
"1906","บ้านหมอ","ภาคกลาง","สระบุรี"
"1907","ดอนพุด","ภาคกลาง","สระบุรี"
"1908","หนองโดน","ภาคกลาง","สระบุรี"
"1909","พระพุทธบาท","ภาคกลาง","สระบุรี"
"1910","เสาไห้","ภาคกลาง","สระบุรี"
"1911","มวกเหล็ก","ภาคกลาง","สระบุรี"
"1912","วังม่วง","ภาคกลาง","สระบุรี"
"1913","เฉลิมพระเกียรติ","ภาคกลาง","สระบุรี"
"2001","เมืองชลบุรี","ภาคตะวันออก","ชลบุรี"
"2002","บ้านบึง","ภาคตะวันออก","ชลบุรี"
"2003","หนองใหญ่","ภาคตะวันออก","ชลบุรี"
"2004","บางละมุง","ภาคตะวันออก","ชลบุรี"
"2005","พานทอง","ภาคตะวันออก","ชลบุรี"
"2006","พนัสนิคม","ภาคตะวันออก","ชลบุรี"
"2007","ศรีราชา","ภาคตะวันออก","ชลบุรี"
"2008","เกาะสีชัง","ภาคตะวันออก","ชลบุรี"
"2009","สัตหีบ","ภาคตะวันออก","ชลบุรี"
"2010","บ่อทอง","ภาคตะวันออก","ชลบุรี"
"2011","เกาะจันทร์","ภาคตะวันออก","ชลบุรี"
"2051","สัตหีบ (สาขาตำบลบางเสร่)*","ภาคตะวันออก","ชลบุรี"
"2072","ท้องถิ่นเทศบาลเมืองหนองปรือ*","ภาคตะวันออก","ชลบุรี"
"2093","เทศบาลตำบลแหลมฉบัง*","ภาคตะวันออก","ชลบุรี"
"2099","เทศบาลเมืองชลบุรี*","ภาคตะวันออก","ชลบุรี"
"2101","เมืองระยอง","ภาคตะวันออก","ระยอง"
"2102","บ้านฉาง","ภาคตะวันออก","ระยอง"
"2103","แกลง","ภาคตะวันออก","ระยอง"
"2104","วังจันทร์","ภาคตะวันออก","ระยอง"
"2105","บ้านค่าย","ภาคตะวันออก","ระยอง"
"2106","ปลวกแดง","ภาคตะวันออก","ระยอง"
"2107","เขาชะเมา","ภาคตะวันออก","ระยอง"
"2108","นิคมพัฒนา","ภาคตะวันออก","ระยอง"
"2151","สาขาตำบลมาบข่า*","ภาคตะวันออก","ระยอง"
"2201","เมืองจันทบุรี","ภาคตะวันออก","จันทบุรี"
"2202","ขลุง","ภาคตะวันออก","จันทบุรี"
"2203","ท่าใหม่","ภาคตะวันออก","จันทบุรี"
"2204","โป่งน้ำร้อน","ภาคตะวันออก","จันทบุรี"
"2205","มะขาม","ภาคตะวันออก","จันทบุรี"
"2206","แหลมสิงห์","ภาคตะวันออก","จันทบุรี"
"2207","สอยดาว","ภาคตะวันออก","จันทบุรี"
"2208","แก่งหางแมว","ภาคตะวันออก","จันทบุรี"
"2209","นายายอาม","ภาคตะวันออก","จันทบุรี"
"2210","เขาคิชฌกูฏ","ภาคตะวันออก","จันทบุรี"
"2281","*กิ่ง อ.กำพุธ จ.จันทบุรี","ภาคตะวันออก","จันทบุรี"
"2301","เมืองตราด","ภาคตะวันออก","ตราด"
"2302","คลองใหญ่","ภาคตะวันออก","ตราด"
"2303","เขาสมิง","ภาคตะวันออก","ตราด"
"2304","บ่อไร่","ภาคตะวันออก","ตราด"
"2305","แหลมงอบ","ภาคตะวันออก","ตราด"
"2306","เกาะกูด","ภาคตะวันออก","ตราด"
"2307","เกาะช้าง","ภาคตะวันออก","ตราด"
"2401","เมืองฉะเชิงเทรา","ภาคตะวันออก","ฉะเชิงเทรา"
"2402","บางคล้า","ภาคตะวันออก","ฉะเชิงเทรา"
"2403","บางน้ำเปรี้ยว","ภาคตะวันออก","ฉะเชิงเทรา"
"2404","บางปะกง","ภาคตะวันออก","ฉะเชิงเทรา"
"2405","บ้านโพธิ์","ภาคตะวันออก","ฉะเชิงเทรา"
"2406","พนมสารคาม","ภาคตะวันออก","ฉะเชิงเทรา"
"2407","ราชสาส์น","ภาคตะวันออก","ฉะเชิงเทรา"
"2408","สนามชัยเขต","ภาคตะวันออก","ฉะเชิงเทรา"
"2409","แปลงยาว","ภาคตะวันออก","ฉะเชิงเทรา"
"2410","ท่าตะเกียบ","ภาคตะวันออก","ฉะเชิงเทรา"
"2411","คลองเขื่อน","ภาคตะวันออก","ฉะเชิงเทรา"
"2501","เมืองปราจีนบุรี","ภาคตะวันออก","ปราจีนบุรี"
"2502","กบินทร์บุรี","ภาคตะวันออก","ปราจีนบุรี"
"2503","นาดี","ภาคตะวันออก","ปราจีนบุรี"
"2504","*สระแก้ว","ภาคตะวันออก","ปราจีนบุรี"
"2505","*วังน้ำเย็น","ภาคตะวันออก","ปราจีนบุรี"
"2506","บ้านสร้าง","ภาคตะวันออก","ปราจีนบุรี"
"2507","ประจันตคาม","ภาคตะวันออก","ปราจีนบุรี"
"2508","ศรีมหาโพธิ","ภาคตะวันออก","ปราจีนบุรี"
"2509","ศรีมโหสถ","ภาคตะวันออก","ปราจีนบุรี"
"2510","*อรัญประเทศ","ภาคตะวันออก","ปราจีนบุรี"
"2511","*ตาพระยา","ภาคตะวันออก","ปราจีนบุรี"
"2512","*วัฒนานคร","ภาคตะวันออก","ปราจีนบุรี"
"2513","*คลองหาด","ภาคตะวันออก","ปราจีนบุรี"
"2601","เมืองนครนายก","ภาคกลาง","นครนายก"
"2602","ปากพลี","ภาคกลาง","นครนายก"
"2603","บ้านนา","ภาคกลาง","นครนายก"
"2604","องครักษ์","ภาคกลาง","นครนายก"
"2701","เมืองสระแก้ว","ภาคตะวันออก","สระแก้ว"
"2702","คลองหาด","ภาคตะวันออก","สระแก้ว"
"2703","ตาพระยา","ภาคตะวันออก","สระแก้ว"
"2704","วังน้ำเย็น","ภาคตะวันออก","สระแก้ว"
"2705","วัฒนานคร","ภาคตะวันออก","สระแก้ว"
"2706","อรัญประเทศ","ภาคตะวันออก","สระแก้ว"
"2707","เขาฉกรรจ์","ภาคตะวันออก","สระแก้ว"
"2708","โคกสูง","ภาคตะวันออก","สระแก้ว"
"2709","วังสมบูรณ์","ภาคตะวันออก","สระแก้ว"
"3001","เมืองนครราชสีมา","ภาคตะวันออกเฉียงเหนือ","นครราชสีมา"
"3002","ครบุรี","ภาคตะวันออกเฉียงเหนือ","นครราชสีมา"
"3003","เสิงสาง","ภาคตะวันออกเฉียงเหนือ","นครราชสีมา"
"3004","คง","ภาคตะวันออกเฉียงเหนือ","นครราชสีมา"
"3005","บ้านเหลื่อม","ภาคตะวันออกเฉียงเหนือ","นครราชสีมา"
"3006","จักราช","ภาคตะวันออกเฉียงเหนือ","นครราชสีมา"
"3007","โชคชัย","ภาคตะวันออกเฉียงเหนือ","นครราชสีมา"
"3008","ด่านขุนทด","ภาคตะวันออกเฉียงเหนือ","นครราชสีมา"
"3009","โนนไทย","ภาคตะวันออกเฉียงเหนือ","นครราชสีมา"
"3010","โนนสูง","ภาคตะวันออกเฉียงเหนือ","นครราชสีมา"
"3011","ขามสะแกแสง","ภาคตะวันออกเฉียงเหนือ","นครราชสีมา"
"3012","บัวใหญ่","ภาคตะวันออกเฉียงเหนือ","นครราชสีมา"
"3013","ประทาย","ภาคตะวันออกเฉียงเหนือ","นครราชสีมา"
"3014","ปักธงชัย","ภาคตะวันออกเฉียงเหนือ","นครราชสีมา"
"3015","พิมาย","ภาคตะวันออกเฉียงเหนือ","นครราชสีมา"
"3016","ห้วยแถลง","ภาคตะวันออกเฉียงเหนือ","นครราชสีมา"
"3017","ชุมพวง","ภาคตะวันออกเฉียงเหนือ","นครราชสีมา"
"3018","สูงเนิน","ภาคตะวันออกเฉียงเหนือ","นครราชสีมา"
"3019","ขามทะเลสอ","ภาคตะวันออกเฉียงเหนือ","นครราชสีมา"
"3020","สีคิ้ว","ภาคตะวันออกเฉียงเหนือ","นครราชสีมา"
"3021","ปากช่อง","ภาคตะวันออกเฉียงเหนือ","นครราชสีมา"
"3022","หนองบุญมาก","ภาคตะวันออกเฉียงเหนือ","นครราชสีมา"
"3023","แก้งสนามนาง","ภาคตะวันออกเฉียงเหนือ","นครราชสีมา"
"3024","โนนแดง","ภาคตะวันออกเฉียงเหนือ","นครราชสีมา"
"3025","วังน้ำเขียว","ภาคตะวันออกเฉียงเหนือ","นครราชสีมา"
"3026","เทพารักษ์","ภาคตะวันออกเฉียงเหนือ","นครราชสีมา"
"3027","เมืองยาง","ภาคตะวันออกเฉียงเหนือ","นครราชสีมา"
"3028","พระทองคำ","ภาคตะวันออกเฉียงเหนือ","นครราชสีมา"
"3029","ลำทะเมนชัย","ภาคตะวันออกเฉียงเหนือ","นครราชสีมา"
"3030","บัวลาย","ภาคตะวันออกเฉียงเหนือ","นครราชสีมา"
"3031","สีดา","ภาคตะวันออกเฉียงเหนือ","นครราชสีมา"
"3032","เฉลิมพระเกียรติ","ภาคตะวันออกเฉียงเหนือ","นครราชสีมา"
"3049","ท้องถิ่นเทศบาลตำบลโพธิ์กลาง*","ภาคตะวันออกเฉียงเหนือ","นครราชสีมา"
"3051","สาขาตำบลมะค่า-พลสงคราม*","ภาคตะวันออกเฉียงเหนือ","นครราชสีมา"
"3081","*โนนลาว","ภาคตะวันออกเฉียงเหนือ","นครราชสีมา"
"3101","เมืองบุรีรัมย์","ภาคตะวันออกเฉียงเหนือ","บุรีรัมย์"
"3102","คูเมือง","ภาคตะวันออกเฉียงเหนือ","บุรีรัมย์"
"3103","กระสัง","ภาคตะวันออกเฉียงเหนือ","บุรีรัมย์"
"3104","นางรอง","ภาคตะวันออกเฉียงเหนือ","บุรีรัมย์"
"3105","หนองกี่","ภาคตะวันออกเฉียงเหนือ","บุรีรัมย์"
"3106","ละหานทราย","ภาคตะวันออกเฉียงเหนือ","บุรีรัมย์"
"3107","ประโคนชัย","ภาคตะวันออกเฉียงเหนือ","บุรีรัมย์"
"3108","บ้านกรวด","ภาคตะวันออกเฉียงเหนือ","บุรีรัมย์"
"3109","พุทไธสง","ภาคตะวันออกเฉียงเหนือ","บุรีรัมย์"
"3110","ลำปลายมาศ","ภาคตะวันออกเฉียงเหนือ","บุรีรัมย์"
"3111","สตึก","ภาคตะวันออกเฉียงเหนือ","บุรีรัมย์"
"3112","ปะคำ","ภาคตะวันออกเฉียงเหนือ","บุรีรัมย์"
"3113","นาโพธิ์","ภาคตะวันออกเฉียงเหนือ","บุรีรัมย์"
"3114","หนองหงส์","ภาคตะวันออกเฉียงเหนือ","บุรีรัมย์"
"3115","พลับพลาชัย","ภาคตะวันออกเฉียงเหนือ","บุรีรัมย์"
"3116","ห้วยราช","ภาคตะวันออกเฉียงเหนือ","บุรีรัมย์"
"3117","โนนสุวรรณ","ภาคตะวันออกเฉียงเหนือ","บุรีรัมย์"
"3118","ชำนิ","ภาคตะวันออกเฉียงเหนือ","บุรีรัมย์"
"3119","บ้านใหม่ไชยพจน์","ภาคตะวันออกเฉียงเหนือ","บุรีรัมย์"
"3120","โนนดินแดง","ภาคตะวันออกเฉียงเหนือ","บุรีรัมย์"
"3121","บ้านด่าน","ภาคตะวันออกเฉียงเหนือ","บุรีรัมย์"
"3122","แคนดง","ภาคตะวันออกเฉียงเหนือ","บุรีรัมย์"
"3123","เฉลิมพระเกียรติ","ภาคตะวันออกเฉียงเหนือ","บุรีรัมย์"
"3201","เมืองสุรินทร์","ภาคตะวันออกเฉียงเหนือ","สุรินทร์"
"3202","ชุมพลบุรี","ภาคตะวันออกเฉียงเหนือ","สุรินทร์"
"3203","ท่าตูม","ภาคตะวันออกเฉียงเหนือ","สุรินทร์"
"3204","จอมพระ","ภาคตะวันออกเฉียงเหนือ","สุรินทร์"
"3205","ปราสาท","ภาคตะวันออกเฉียงเหนือ","สุรินทร์"
"3206","กาบเชิง","ภาคตะวันออกเฉียงเหนือ","สุรินทร์"
"3207","รัตนบุรี","ภาคตะวันออกเฉียงเหนือ","สุรินทร์"
"3208","สนม","ภาคตะวันออกเฉียงเหนือ","สุรินทร์"
"3209","ศีขรภูมิ","ภาคตะวันออกเฉียงเหนือ","สุรินทร์"
"3210","สังขะ","ภาคตะวันออกเฉียงเหนือ","สุรินทร์"
"3211","ลำดวน","ภาคตะวันออกเฉียงเหนือ","สุรินทร์"
"3212","สำโรงทาบ","ภาคตะวันออกเฉียงเหนือ","สุรินทร์"
"3213","บัวเชด","ภาคตะวันออกเฉียงเหนือ","สุรินทร์"
"3214","พนมดงรัก","ภาคตะวันออกเฉียงเหนือ","สุรินทร์"
"3215","ศรีณรงค์","ภาคตะวันออกเฉียงเหนือ","สุรินทร์"
"3216","เขวาสินรินทร์","ภาคตะวันออกเฉียงเหนือ","สุรินทร์"
"3217","โนนนารายณ์","ภาคตะวันออกเฉียงเหนือ","สุรินทร์"
"3301","เมืองศรีสะเกษ","ภาคตะวันออกเฉียงเหนือ","ศรีสะเกษ"
"3302","ยางชุมน้อย","ภาคตะวันออกเฉียงเหนือ","ศรีสะเกษ"
"3303","กันทรารมย์","ภาคตะวันออกเฉียงเหนือ","ศรีสะเกษ"
"3304","กันทรลักษ์","ภาคตะวันออกเฉียงเหนือ","ศรีสะเกษ"
"3305","ขุขันธ์","ภาคตะวันออกเฉียงเหนือ","ศรีสะเกษ"
"3306","ไพรบึง","ภาคตะวันออกเฉียงเหนือ","ศรีสะเกษ"
"3307","ปรางค์กู่","ภาคตะวันออกเฉียงเหนือ","ศรีสะเกษ"
"3308","ขุนหาญ","ภาคตะวันออกเฉียงเหนือ","ศรีสะเกษ"
"3309","ราษีไศล","ภาคตะวันออกเฉียงเหนือ","ศรีสะเกษ"
"3310","อุทุมพรพิสัย","ภาคตะวันออกเฉียงเหนือ","ศรีสะเกษ"
"3311","บึงบูรพ์","ภาคตะวันออกเฉียงเหนือ","ศรีสะเกษ"
"3312","ห้วยทับทัน","ภาคตะวันออกเฉียงเหนือ","ศรีสะเกษ"
"3313","โนนคูณ","ภาคตะวันออกเฉียงเหนือ","ศรีสะเกษ"
"3314","ศรีรัตนะ","ภาคตะวันออกเฉียงเหนือ","ศรีสะเกษ"
"3315","น้ำเกลี้ยง","ภาคตะวันออกเฉียงเหนือ","ศรีสะเกษ"
"3316","วังหิน","ภาคตะวันออกเฉียงเหนือ","ศรีสะเกษ"
"3317","ภูสิงห์","ภาคตะวันออกเฉียงเหนือ","ศรีสะเกษ"
"3318","เมืองจันทร์","ภาคตะวันออกเฉียงเหนือ","ศรีสะเกษ"
"3319","เบญจลักษ์","ภาคตะวันออกเฉียงเหนือ","ศรีสะเกษ"
"3320","พยุห์","ภาคตะวันออกเฉียงเหนือ","ศรีสะเกษ"
"3321","โพธิ์ศรีสุวรรณ","ภาคตะวันออกเฉียงเหนือ","ศรีสะเกษ"
"3322","ศิลาลาด","ภาคตะวันออกเฉียงเหนือ","ศรีสะเกษ"
"3401","เมืองอุบลราชธานี","ภาคตะวันออกเฉียงเหนือ","อุบลราชธานี"
"3402","ศรีเมืองใหม่","ภาคตะวันออกเฉียงเหนือ","อุบลราชธานี"
"3403","โขงเจียม","ภาคตะวันออกเฉียงเหนือ","อุบลราชธานี"
"3404","เขื่องใน","ภาคตะวันออกเฉียงเหนือ","อุบลราชธานี"
"3405","เขมราฐ","ภาคตะวันออกเฉียงเหนือ","อุบลราชธานี"
"3406","*ชานุมาน","ภาคตะวันออกเฉียงเหนือ","อุบลราชธานี"
"3407","เดชอุดม","ภาคตะวันออกเฉียงเหนือ","อุบลราชธานี"
"3408","นาจะหลวย","ภาคตะวันออกเฉียงเหนือ","อุบลราชธานี"
"3409","น้ำยืน","ภาคตะวันออกเฉียงเหนือ","อุบลราชธานี"
"3410","บุณฑริก","ภาคตะวันออกเฉียงเหนือ","อุบลราชธานี"
"3411","ตระการพืชผล","ภาคตะวันออกเฉียงเหนือ","อุบลราชธานี"
"3412","กุดข้าวปุ้น","ภาคตะวันออกเฉียงเหนือ","อุบลราชธานี"
"3413","*พนา","ภาคตะวันออกเฉียงเหนือ","อุบลราชธานี"
"3414","ม่วงสามสิบ","ภาคตะวันออกเฉียงเหนือ","อุบลราชธานี"
"3415","วารินชำราบ","ภาคตะวันออกเฉียงเหนือ","อุบลราชธานี"
"3416","*อำนาจเจริญ","ภาคตะวันออกเฉียงเหนือ","อุบลราชธานี"
"3417","*เสนางคนิคม","ภาคตะวันออกเฉียงเหนือ","อุบลราชธานี"
"3418","*หัวตะพาน","ภาคตะวันออกเฉียงเหนือ","อุบลราชธานี"
"3419","พิบูลมังสาหาร","ภาคตะวันออกเฉียงเหนือ","อุบลราชธานี"
"3420","ตาลสุม","ภาคตะวันออกเฉียงเหนือ","อุบลราชธานี"
"3421","โพธิ์ไทร","ภาคตะวันออกเฉียงเหนือ","อุบลราชธานี"
"3422","สำโรง","ภาคตะวันออกเฉียงเหนือ","อุบลราชธานี"
"3423","*กิ่งอำเภอลืออำนาจ","ภาคตะวันออกเฉียงเหนือ","อุบลราชธานี"
"3424","ดอนมดแดง","ภาคตะวันออกเฉียงเหนือ","อุบลราชธานี"
"3425","สิรินธร","ภาคตะวันออกเฉียงเหนือ","อุบลราชธานี"
"3426","ทุ่งศรีอุดม","ภาคตะวันออกเฉียงเหนือ","อุบลราชธานี"
"3427","*ปทุมราชวงศา","ภาคตะวันออกเฉียงเหนือ","อุบลราชธานี"
"3428","*กิ่งอำเภอศรีหลักชัย","ภาคตะวันออกเฉียงเหนือ","อุบลราชธานี"
"3429","นาเยีย","ภาคตะวันออกเฉียงเหนือ","อุบลราชธานี"
"3430","นาตาล","ภาคตะวันออกเฉียงเหนือ","อุบลราชธานี"
"3431","เหล่าเสือโก้ก","ภาคตะวันออกเฉียงเหนือ","อุบลราชธานี"
"3432","สว่างวีระวงศ์","ภาคตะวันออกเฉียงเหนือ","อุบลราชธานี"
"3433","น้ำขุ่น","ภาคตะวันออกเฉียงเหนือ","อุบลราชธานี"
"3481","*อ.สุวรรณวารี จ.อุบลราชธานี","ภาคตะวันออกเฉียงเหนือ","อุบลราชธานี"
"3501","เมืองยโสธร","ภาคตะวันออกเฉียงเหนือ","ยโสธร"
"3502","ทรายมูล","ภาคตะวันออกเฉียงเหนือ","ยโสธร"
"3503","กุดชุม","ภาคตะวันออกเฉียงเหนือ","ยโสธร"
"3504","คำเขื่อนแก้ว","ภาคตะวันออกเฉียงเหนือ","ยโสธร"
"3505","ป่าติ้ว","ภาคตะวันออกเฉียงเหนือ","ยโสธร"
"3506","มหาชนะชัย","ภาคตะวันออกเฉียงเหนือ","ยโสธร"
"3507","ค้อวัง","ภาคตะวันออกเฉียงเหนือ","ยโสธร"
"3508","เลิงนกทา","ภาคตะวันออกเฉียงเหนือ","ยโสธร"
"3509","ไทยเจริญ","ภาคตะวันออกเฉียงเหนือ","ยโสธร"
"3601","เมืองชัยภูมิ","ภาคตะวันออกเฉียงเหนือ","ชัยภูมิ"
"3602","บ้านเขว้า","ภาคตะวันออกเฉียงเหนือ","ชัยภูมิ"
"3603","คอนสวรรค์","ภาคตะวันออกเฉียงเหนือ","ชัยภูมิ"
"3604","เกษตรสมบูรณ์","ภาคตะวันออกเฉียงเหนือ","ชัยภูมิ"
"3605","หนองบัวแดง","ภาคตะวันออกเฉียงเหนือ","ชัยภูมิ"
"3606","จัตุรัส","ภาคตะวันออกเฉียงเหนือ","ชัยภูมิ"
"3607","บำเหน็จณรงค์","ภาคตะวันออกเฉียงเหนือ","ชัยภูมิ"
"3608","หนองบัวระเหว","ภาคตะวันออกเฉียงเหนือ","ชัยภูมิ"
"3609","เทพสถิต","ภาคตะวันออกเฉียงเหนือ","ชัยภูมิ"
"3610","ภูเขียว","ภาคตะวันออกเฉียงเหนือ","ชัยภูมิ"
"3611","บ้านแท่น","ภาคตะวันออกเฉียงเหนือ","ชัยภูมิ"
"3612","แก้งคร้อ","ภาคตะวันออกเฉียงเหนือ","ชัยภูมิ"
"3613","คอนสาร","ภาคตะวันออกเฉียงเหนือ","ชัยภูมิ"
"3614","ภักดีชุมพล","ภาคตะวันออกเฉียงเหนือ","ชัยภูมิ"
"3615","เนินสง่า","ภาคตะวันออกเฉียงเหนือ","ชัยภูมิ"
"3616","ซับใหญ่","ภาคตะวันออกเฉียงเหนือ","ชัยภูมิ"
"3651","เมืองชัยภูมิ (สาขาตำบลโนนสำราญ)*","ภาคตะวันออกเฉียงเหนือ","ชัยภูมิ"
"3652","สาขาตำบลบ้านหว่าเฒ่า*","ภาคตะวันออกเฉียงเหนือ","ชัยภูมิ"
"3653","หนองบัวแดง (สาขาตำบลวังชมภู)*","ภาคตะวันออกเฉียงเหนือ","ชัยภูมิ"
"3654","กิ่งอำเภอซับใหญ่ (สาขาตำบลซับใหญ่)*","ภาคตะวันออกเฉียงเหนือ","ชัยภูมิ"
"3655","สาขาตำบลโคกเพชร*","ภาคตะวันออกเฉียงเหนือ","ชัยภูมิ"
"3656","เทพสถิต (สาขาตำบลนายางกลัก)*","ภาคตะวันออกเฉียงเหนือ","ชัยภูมิ"
"3657","บ้านแท่น (สาขาตำบลบ้านเต่า)*","ภาคตะวันออกเฉียงเหนือ","ชัยภูมิ"
"3658","แก้งคร้อ (สาขาตำบลท่ามะไฟหวาน)*","ภาคตะวันออกเฉียงเหนือ","ชัยภูมิ"
"3659","คอนสาร (สาขาตำบลโนนคูณ)*","ภาคตะวันออกเฉียงเหนือ","ชัยภูมิ"
"3701","เมืองอำนาจเจริญ","ภาคตะวันออกเฉียงเหนือ","อำนาจเจริญ"
"3702","ชานุมาน","ภาคตะวันออกเฉียงเหนือ","อำนาจเจริญ"
"3703","ปทุมราชวงศา","ภาคตะวันออกเฉียงเหนือ","อำนาจเจริญ"
"3704","พนา","ภาคตะวันออกเฉียงเหนือ","อำนาจเจริญ"
"3705","เสนางคนิคม","ภาคตะวันออกเฉียงเหนือ","อำนาจเจริญ"
"3706","หัวตะพาน","ภาคตะวันออกเฉียงเหนือ","อำนาจเจริญ"
"3707","ลืออำนาจ","ภาคตะวันออกเฉียงเหนือ","อำนาจเจริญ"
"3901","เมืองหนองบัวลำภู","ภาคตะวันออกเฉียงเหนือ","หนองบัวลำภู"
"3902","นากลาง","ภาคตะวันออกเฉียงเหนือ","หนองบัวลำภู"
"3903","โนนสัง","ภาคตะวันออกเฉียงเหนือ","หนองบัวลำภู"
"3904","ศรีบุญเรือง","ภาคตะวันออกเฉียงเหนือ","หนองบัวลำภู"
"3905","สุวรรณคูหา","ภาคตะวันออกเฉียงเหนือ","หนองบัวลำภู"
"3906","นาวัง","ภาคตะวันออกเฉียงเหนือ","หนองบัวลำภู"
"4001","เมืองขอนแก่น","ภาคตะวันออกเฉียงเหนือ","ขอนแก่น"
"4002","บ้านฝาง","ภาคตะวันออกเฉียงเหนือ","ขอนแก่น"
"4003","พระยืน","ภาคตะวันออกเฉียงเหนือ","ขอนแก่น"
"4004","หนองเรือ","ภาคตะวันออกเฉียงเหนือ","ขอนแก่น"
"4005","ชุมแพ","ภาคตะวันออกเฉียงเหนือ","ขอนแก่น"
"4006","สีชมพู","ภาคตะวันออกเฉียงเหนือ","ขอนแก่น"
"4007","น้ำพอง","ภาคตะวันออกเฉียงเหนือ","ขอนแก่น"
"4008","อุบลรัตน์","ภาคตะวันออกเฉียงเหนือ","ขอนแก่น"
"4009","กระนวน","ภาคตะวันออกเฉียงเหนือ","ขอนแก่น"
"4010","บ้านไผ่","ภาคตะวันออกเฉียงเหนือ","ขอนแก่น"
"4011","เปือยน้อย","ภาคตะวันออกเฉียงเหนือ","ขอนแก่น"
"4013","แวงใหญ่","ภาคตะวันออกเฉียงเหนือ","ขอนแก่น"
"4014","แวงน้อย","ภาคตะวันออกเฉียงเหนือ","ขอนแก่น"
"4015","หนองสองห้อง","ภาคตะวันออกเฉียงเหนือ","ขอนแก่น"
"4016","ภูเวียง","ภาคตะวันออกเฉียงเหนือ","ขอนแก่น"
"4017","มัญจาคีรี","ภาคตะวันออกเฉียงเหนือ","ขอนแก่น"
"4018","ชนบท","ภาคตะวันออกเฉียงเหนือ","ขอนแก่น"
"4019","เขาสวนกวาง","ภาคตะวันออกเฉียงเหนือ","ขอนแก่น"
"4020","ภูผาม่าน","ภาคตะวันออกเฉียงเหนือ","ขอนแก่น"
"4021","ซำสูง","ภาคตะวันออกเฉียงเหนือ","ขอนแก่น"
"4022","โคกโพธิ์ไชย","ภาคตะวันออกเฉียงเหนือ","ขอนแก่น"
"4023","หนองนาคำ","ภาคตะวันออกเฉียงเหนือ","ขอนแก่น"
"4024","บ้านแฮด","ภาคตะวันออกเฉียงเหนือ","ขอนแก่น"
"4025","โนนศิลา","ภาคตะวันออกเฉียงเหนือ","ขอนแก่น"
"4029","เวียงเก่า","ภาคตะวันออกเฉียงเหนือ","ขอนแก่น"
"4068","ท้องถิ่นเทศบาลตำบลบ้านเป็ด*","ภาคตะวันออกเฉียงเหนือ","ขอนแก่น"
"4098","เทศบาลตำบลเมืองพล*","ภาคตะวันออกเฉียงเหนือ","ขอนแก่น"
"4101","เมืองอุดรธานี","ภาคตะวันออกเฉียงเหนือ","อุดรธานี"
"4102","กุดจับ","ภาคตะวันออกเฉียงเหนือ","อุดรธานี"
"4103","หนองวัวซอ","ภาคตะวันออกเฉียงเหนือ","อุดรธานี"
"4104","กุมภวาปี","ภาคตะวันออกเฉียงเหนือ","อุดรธานี"
"4105","โนนสะอาด","ภาคตะวันออกเฉียงเหนือ","อุดรธานี"
"4106","หนองหาน","ภาคตะวันออกเฉียงเหนือ","อุดรธานี"
"4107","ทุ่งฝน","ภาคตะวันออกเฉียงเหนือ","อุดรธานี"
"4108","ไชยวาน","ภาคตะวันออกเฉียงเหนือ","อุดรธานี"
"4109","ศรีธาตุ","ภาคตะวันออกเฉียงเหนือ","อุดรธานี"
"4110","วังสามหมอ","ภาคตะวันออกเฉียงเหนือ","อุดรธานี"
"4111","บ้านดุง","ภาคตะวันออกเฉียงเหนือ","อุดรธานี"
"4112","*หนองบัวลำภู","ภาคตะวันออกเฉียงเหนือ","อุดรธานี"
"4113","*ศรีบุญเรือง","ภาคตะวันออกเฉียงเหนือ","อุดรธานี"
"4114","*นากลาง","ภาคตะวันออกเฉียงเหนือ","อุดรธานี"
"4115","*สุวรรณคูหา","ภาคตะวันออกเฉียงเหนือ","อุดรธานี"
"4116","*โนนสัง","ภาคตะวันออกเฉียงเหนือ","อุดรธานี"
"4117","บ้านผือ","ภาคตะวันออกเฉียงเหนือ","อุดรธานี"
"4118","น้ำโสม","ภาคตะวันออกเฉียงเหนือ","อุดรธานี"
"4119","เพ็ญ","ภาคตะวันออกเฉียงเหนือ","อุดรธานี"
"4120","สร้างคอม","ภาคตะวันออกเฉียงเหนือ","อุดรธานี"
"4121","หนองแสง","ภาคตะวันออกเฉียงเหนือ","อุดรธานี"
"4122","นายูง","ภาคตะวันออกเฉียงเหนือ","อุดรธานี"
"4123","พิบูลย์รักษ์","ภาคตะวันออกเฉียงเหนือ","อุดรธานี"
"4124","กู่แก้ว","ภาคตะวันออกเฉียงเหนือ","อุดรธานี"
"4125","ประจักษ์ศิลปาคม","ภาคตะวันออกเฉียงเหนือ","อุดรธานี"
"4201","เมืองเลย","ภาคตะวันออกเฉียงเหนือ","เลย"
"4202","นาด้วง","ภาคตะวันออกเฉียงเหนือ","เลย"
"4203","เชียงคาน","ภาคตะวันออกเฉียงเหนือ","เลย"
"4204","ปากชม","ภาคตะวันออกเฉียงเหนือ","เลย"
"4205","ด่านซ้าย","ภาคตะวันออกเฉียงเหนือ","เลย"
"4206","นาแห้ว","ภาคตะวันออกเฉียงเหนือ","เลย"
"4207","ภูเรือ","ภาคตะวันออกเฉียงเหนือ","เลย"
"4208","ท่าลี่","ภาคตะวันออกเฉียงเหนือ","เลย"
"4209","วังสะพุง","ภาคตะวันออกเฉียงเหนือ","เลย"
"4210","ภูกระดึง","ภาคตะวันออกเฉียงเหนือ","เลย"
"4211","ภูหลวง","ภาคตะวันออกเฉียงเหนือ","เลย"
"4212","ผาขาว","ภาคตะวันออกเฉียงเหนือ","เลย"
"4213","เอราวัณ","ภาคตะวันออกเฉียงเหนือ","เลย"
"4214","หนองหิน","ภาคตะวันออกเฉียงเหนือ","เลย"
"4301","เมืองหนองคาย","ภาคตะวันออกเฉียงเหนือ","หนองคาย"
"4302","ท่าบ่อ","ภาคตะวันออกเฉียงเหนือ","หนองคาย"
"4305","โพนพิสัย","ภาคตะวันออกเฉียงเหนือ","หนองคาย"
"4307","ศรีเชียงใหม่","ภาคตะวันออกเฉียงเหนือ","หนองคาย"
"4308","สังคม","ภาคตะวันออกเฉียงเหนือ","หนองคาย"
"4314","สระใคร","ภาคตะวันออกเฉียงเหนือ","หนองคาย"
"4315","เฝ้าไร่","ภาคตะวันออกเฉียงเหนือ","หนองคาย"
"4316","รัตนวาปี","ภาคตะวันออกเฉียงเหนือ","หนองคาย"
"4317","โพธิ์ตาก","ภาคตะวันออกเฉียงเหนือ","หนองคาย"
"4401","เมืองมหาสารคาม","ภาคตะวันออกเฉียงเหนือ","มหาสารคาม"
"4402","แกดำ","ภาคตะวันออกเฉียงเหนือ","มหาสารคาม"
"4403","โกสุมพิสัย","ภาคตะวันออกเฉียงเหนือ","มหาสารคาม"
"4404","กันทรวิชัย","ภาคตะวันออกเฉียงเหนือ","มหาสารคาม"
"4405","เชียงยืน","ภาคตะวันออกเฉียงเหนือ","มหาสารคาม"
"4406","บรบือ","ภาคตะวันออกเฉียงเหนือ","มหาสารคาม"
"4407","นาเชือก","ภาคตะวันออกเฉียงเหนือ","มหาสารคาม"
"4408","พยัคฆภูมิพิสัย","ภาคตะวันออกเฉียงเหนือ","มหาสารคาม"
"4409","วาปีปทุม","ภาคตะวันออกเฉียงเหนือ","มหาสารคาม"
"4410","นาดูน","ภาคตะวันออกเฉียงเหนือ","มหาสารคาม"
"4411","ยางสีสุราช","ภาคตะวันออกเฉียงเหนือ","มหาสารคาม"
"4412","กุดรัง","ภาคตะวันออกเฉียงเหนือ","มหาสารคาม"
"4413","ชื่นชม","ภาคตะวันออกเฉียงเหนือ","มหาสารคาม"
"4481","*หลุบ","ภาคตะวันออกเฉียงเหนือ","มหาสารคาม"
"4501","เมืองร้อยเอ็ด","ภาคตะวันออกเฉียงเหนือ","ร้อยเอ็ด"
"4502","เกษตรวิสัย","ภาคตะวันออกเฉียงเหนือ","ร้อยเอ็ด"
"4503","ปทุมรัตต์","ภาคตะวันออกเฉียงเหนือ","ร้อยเอ็ด"
"4504","จตุรพักตรพิมาน","ภาคตะวันออกเฉียงเหนือ","ร้อยเอ็ด"
"4505","ธวัชบุรี","ภาคตะวันออกเฉียงเหนือ","ร้อยเอ็ด"
"4506","พนมไพร","ภาคตะวันออกเฉียงเหนือ","ร้อยเอ็ด"
"4507","โพนทอง","ภาคตะวันออกเฉียงเหนือ","ร้อยเอ็ด"
"4508","โพธิ์ชัย","ภาคตะวันออกเฉียงเหนือ","ร้อยเอ็ด"
"4509","หนองพอก","ภาคตะวันออกเฉียงเหนือ","ร้อยเอ็ด"
"4510","เสลภูมิ","ภาคตะวันออกเฉียงเหนือ","ร้อยเอ็ด"
"4511","สุวรรณภูมิ","ภาคตะวันออกเฉียงเหนือ","ร้อยเอ็ด"
"4512","เมืองสรวง","ภาคตะวันออกเฉียงเหนือ","ร้อยเอ็ด"
"4513","โพนทราย","ภาคตะวันออกเฉียงเหนือ","ร้อยเอ็ด"
"4514","อาจสามารถ","ภาคตะวันออกเฉียงเหนือ","ร้อยเอ็ด"
"4515","เมยวดี","ภาคตะวันออกเฉียงเหนือ","ร้อยเอ็ด"
"4516","ศรีสมเด็จ","ภาคตะวันออกเฉียงเหนือ","ร้อยเอ็ด"
"4517","จังหาร","ภาคตะวันออกเฉียงเหนือ","ร้อยเอ็ด"
"4518","เชียงขวัญ","ภาคตะวันออกเฉียงเหนือ","ร้อยเอ็ด"
"4519","หนองฮี","ภาคตะวันออกเฉียงเหนือ","ร้อยเอ็ด"
"4520","ทุ่งเขาหลวง","ภาคตะวันออกเฉียงเหนือ","ร้อยเอ็ด"
"4601","เมืองกาฬสินธุ์","ภาคตะวันออกเฉียงเหนือ","กาฬสินธุ์"
"4602","นามน","ภาคตะวันออกเฉียงเหนือ","กาฬสินธุ์"
"4603","กมลาไสย","ภาคตะวันออกเฉียงเหนือ","กาฬสินธุ์"
"4604","ร่องคำ","ภาคตะวันออกเฉียงเหนือ","กาฬสินธุ์"
"4605","กุฉินารายณ์","ภาคตะวันออกเฉียงเหนือ","กาฬสินธุ์"
"4606","เขาวง","ภาคตะวันออกเฉียงเหนือ","กาฬสินธุ์"
"4607","ยางตลาด","ภาคตะวันออกเฉียงเหนือ","กาฬสินธุ์"
"4608","ห้วยเม็ก","ภาคตะวันออกเฉียงเหนือ","กาฬสินธุ์"
"4609","สหัสขันธ์","ภาคตะวันออกเฉียงเหนือ","กาฬสินธุ์"
"4610","คำม่วง","ภาคตะวันออกเฉียงเหนือ","กาฬสินธุ์"
"4611","ท่าคันโท","ภาคตะวันออกเฉียงเหนือ","กาฬสินธุ์"
"4612","หนองกุงศรี","ภาคตะวันออกเฉียงเหนือ","กาฬสินธุ์"
"4613","สมเด็จ","ภาคตะวันออกเฉียงเหนือ","กาฬสินธุ์"
"4614","ห้วยผึ้ง","ภาคตะวันออกเฉียงเหนือ","กาฬสินธุ์"
"4615","สามชัย","ภาคตะวันออกเฉียงเหนือ","กาฬสินธุ์"
"4616","นาคู","ภาคตะวันออกเฉียงเหนือ","กาฬสินธุ์"
"4617","ดอนจาน","ภาคตะวันออกเฉียงเหนือ","กาฬสินธุ์"
"4618","ฆ้องชัย","ภาคตะวันออกเฉียงเหนือ","กาฬสินธุ์"
"4701","เมืองสกลนคร","ภาคตะวันออกเฉียงเหนือ","สกลนคร"
"4702","กุสุมาลย์","ภาคตะวันออกเฉียงเหนือ","สกลนคร"
"4703","กุดบาก","ภาคตะวันออกเฉียงเหนือ","สกลนคร"
"4704","พรรณานิคม","ภาคตะวันออกเฉียงเหนือ","สกลนคร"
"4705","พังโคน","ภาคตะวันออกเฉียงเหนือ","สกลนคร"
"4706","วาริชภูมิ","ภาคตะวันออกเฉียงเหนือ","สกลนคร"
"4707","นิคมน้ำอูน","ภาคตะวันออกเฉียงเหนือ","สกลนคร"
"4708","วานรนิวาส","ภาคตะวันออกเฉียงเหนือ","สกลนคร"
"4709","คำตากล้า","ภาคตะวันออกเฉียงเหนือ","สกลนคร"
"4710","บ้านม่วง","ภาคตะวันออกเฉียงเหนือ","สกลนคร"
"4711","อากาศอำนวย","ภาคตะวันออกเฉียงเหนือ","สกลนคร"
"4712","สว่างแดนดิน","ภาคตะวันออกเฉียงเหนือ","สกลนคร"
"4713","ส่องดาว","ภาคตะวันออกเฉียงเหนือ","สกลนคร"
"4714","เต่างอย","ภาคตะวันออกเฉียงเหนือ","สกลนคร"
"4715","โคกศรีสุพรรณ","ภาคตะวันออกเฉียงเหนือ","สกลนคร"
"4716","เจริญศิลป์","ภาคตะวันออกเฉียงเหนือ","สกลนคร"
"4717","โพนนาแก้ว","ภาคตะวันออกเฉียงเหนือ","สกลนคร"
"4718","ภูพาน","ภาคตะวันออกเฉียงเหนือ","สกลนคร"
"4751","วานรนิวาส (สาขาตำบลกุดเรือคำ)*","ภาคตะวันออกเฉียงเหนือ","สกลนคร"
"4781","*อ.บ้านหัน จ.สกลนคร","ภาคตะวันออกเฉียงเหนือ","สกลนคร"
"4801","เมืองนครพนม","ภาคตะวันออกเฉียงเหนือ","นครพนม"
"4802","ปลาปาก","ภาคตะวันออกเฉียงเหนือ","นครพนม"
"4803","ท่าอุเทน","ภาคตะวันออกเฉียงเหนือ","นครพนม"
"4804","บ้านแพง","ภาคตะวันออกเฉียงเหนือ","นครพนม"
"4805","ธาตุพนม","ภาคตะวันออกเฉียงเหนือ","นครพนม"
"4806","เรณูนคร","ภาคตะวันออกเฉียงเหนือ","นครพนม"
"4807","นาแก","ภาคตะวันออกเฉียงเหนือ","นครพนม"
"4808","ศรีสงคราม","ภาคตะวันออกเฉียงเหนือ","นครพนม"
"4809","นาหว้า","ภาคตะวันออกเฉียงเหนือ","นครพนม"
"4810","โพนสวรรค์","ภาคตะวันออกเฉียงเหนือ","นครพนม"
"4811","นาทม","ภาคตะวันออกเฉียงเหนือ","นครพนม"
"4812","วังยาง","ภาคตะวันออกเฉียงเหนือ","นครพนม"
"4901","เมืองมุกดาหาร","ภาคตะวันออกเฉียงเหนือ","มุกดาหาร"
"4902","นิคมคำสร้อย","ภาคตะวันออกเฉียงเหนือ","มุกดาหาร"
"4903","ดอนตาล","ภาคตะวันออกเฉียงเหนือ","มุกดาหาร"
"4904","ดงหลวง","ภาคตะวันออกเฉียงเหนือ","มุกดาหาร"
"4905","คำชะอี","ภาคตะวันออกเฉียงเหนือ","มุกดาหาร"
"4906","หว้านใหญ่","ภาคตะวันออกเฉียงเหนือ","มุกดาหาร"
"4907","หนองสูง","ภาคตะวันออกเฉียงเหนือ","มุกดาหาร"
"5001","เมืองเชียงใหม่","ภาคเหนือ","เชียงใหม่"
"5002","จอมทอง","ภาคเหนือ","เชียงใหม่"
"5003","แม่แจ่ม","ภาคเหนือ","เชียงใหม่"
"5004","เชียงดาว","ภาคเหนือ","เชียงใหม่"
"5005","ดอยสะเก็ด","ภาคเหนือ","เชียงใหม่"
"5006","แม่แตง","ภาคเหนือ","เชียงใหม่"
"5007","แม่ริม","ภาคเหนือ","เชียงใหม่"
"5008","สะเมิง","ภาคเหนือ","เชียงใหม่"
"5009","ฝาง","ภาคเหนือ","เชียงใหม่"
"5010","แม่อาย","ภาคเหนือ","เชียงใหม่"
"5011","พร้าว","ภาคเหนือ","เชียงใหม่"
"5012","สันป่าตอง","ภาคเหนือ","เชียงใหม่"
"5013","สันกำแพง","ภาคเหนือ","เชียงใหม่"
"5014","สันทราย","ภาคเหนือ","เชียงใหม่"
"5015","หางดง","ภาคเหนือ","เชียงใหม่"
"5016","ฮอด","ภาคเหนือ","เชียงใหม่"
"5017","ดอยเต่า","ภาคเหนือ","เชียงใหม่"
"5018","อมก๋อย","ภาคเหนือ","เชียงใหม่"
"5019","สารภี","ภาคเหนือ","เชียงใหม่"
"5020","เวียงแหง","ภาคเหนือ","เชียงใหม่"
"5021","ไชยปราการ","ภาคเหนือ","เชียงใหม่"
"5022","แม่วาง","ภาคเหนือ","เชียงใหม่"
"5023","แม่ออน","ภาคเหนือ","เชียงใหม่"
"5024","ดอยหล่อ","ภาคเหนือ","เชียงใหม่"
"5051","เทศบาลนครเชียงใหม่ (สาขาแขวงกาลวิละ*","ภาคเหนือ","เชียงใหม่"
"5052","เทศบาลนครเชียงใหม่ (สาขาแขวงศรีวิชั*","ภาคเหนือ","เชียงใหม่"
"5053","เทศบาลนครเชียงใหม่ (สาขาเม็งราย*","ภาคเหนือ","เชียงใหม่"
"5101","เมืองลำพูน","ภาคเหนือ","ลำพูน"
"5102","แม่ทา","ภาคเหนือ","ลำพูน"
"5103","บ้านโฮ่ง","ภาคเหนือ","ลำพูน"
"5104","ลี้","ภาคเหนือ","ลำพูน"
"5105","ทุ่งหัวช้าง","ภาคเหนือ","ลำพูน"
"5106","ป่าซาง","ภาคเหนือ","ลำพูน"
"5107","บ้านธิ","ภาคเหนือ","ลำพูน"
"5108","เวียงหนองล่อง","ภาคเหนือ","ลำพูน"
"5201","เมืองลำปาง","ภาคเหนือ","ลำปาง"
"5202","แม่เมาะ","ภาคเหนือ","ลำปาง"
"5203","เกาะคา","ภาคเหนือ","ลำปาง"
"5204","เสริมงาม","ภาคเหนือ","ลำปาง"
"5205","งาว","ภาคเหนือ","ลำปาง"
"5206","แจ้ห่ม","ภาคเหนือ","ลำปาง"
"5207","วังเหนือ","ภาคเหนือ","ลำปาง"
"5208","เถิน","ภาคเหนือ","ลำปาง"
"5209","แม่พริก","ภาคเหนือ","ลำปาง"
"5210","แม่ทะ","ภาคเหนือ","ลำปาง"
"5211","สบปราบ","ภาคเหนือ","ลำปาง"
"5212","ห้างฉัตร","ภาคเหนือ","ลำปาง"
"5213","เมืองปาน","ภาคเหนือ","ลำปาง"
"5301","เมืองอุตรดิตถ์","ภาคเหนือ","อุตรดิตถ์"
"5302","ตรอน","ภาคเหนือ","อุตรดิตถ์"
"5303","ท่าปลา","ภาคเหนือ","อุตรดิตถ์"
"5304","น้ำปาด","ภาคเหนือ","อุตรดิตถ์"
"5305","ฟากท่า","ภาคเหนือ","อุตรดิตถ์"
"5306","บ้านโคก","ภาคเหนือ","อุตรดิตถ์"
"5307","พิชัย","ภาคเหนือ","อุตรดิตถ์"
"5308","ลับแล","ภาคเหนือ","อุตรดิตถ์"
"5309","ทองแสนขัน","ภาคเหนือ","อุตรดิตถ์"
"5401","เมืองแพร่","ภาคเหนือ","แพร่"
"5402","ร้องกวาง","ภาคเหนือ","แพร่"
"5403","ลอง","ภาคเหนือ","แพร่"
"5404","สูงเม่น","ภาคเหนือ","แพร่"
"5405","เด่นชัย","ภาคเหนือ","แพร่"
"5406","สอง","ภาคเหนือ","แพร่"
"5407","วังชิ้น","ภาคเหนือ","แพร่"
"5408","หนองม่วงไข่","ภาคเหนือ","แพร่"
"5501","เมืองน่าน","ภาคเหนือ","น่าน"
"5502","แม่จริม","ภาคเหนือ","น่าน"
"5503","บ้านหลวง","ภาคเหนือ","น่าน"
"5504","นาน้อย","ภาคเหนือ","น่าน"
"5505","ปัว","ภาคเหนือ","น่าน"
"5506","ท่าวังผา","ภาคเหนือ","น่าน"
"5507","เวียงสา","ภาคเหนือ","น่าน"
"5508","ทุ่งช้าง","ภาคเหนือ","น่าน"
"5509","เชียงกลาง","ภาคเหนือ","น่าน"
"5510","นาหมื่น","ภาคเหนือ","น่าน"
"5511","สันติสุข","ภาคเหนือ","น่าน"
"5512","บ่อเกลือ","ภาคเหนือ","น่าน"
"5513","สองแคว","ภาคเหนือ","น่าน"
"5514","ภูเพียง","ภาคเหนือ","น่าน"
"5515","เฉลิมพระเกียรติ","ภาคเหนือ","น่าน"
"5601","เมืองพะเยา","ภาคเหนือ","พะเยา"
"5602","จุน","ภาคเหนือ","พะเยา"
"5603","เชียงคำ","ภาคเหนือ","พะเยา"
"5604","เชียงม่วน","ภาคเหนือ","พะเยา"
"5605","ดอกคำใต้","ภาคเหนือ","พะเยา"
"5606","ปง","ภาคเหนือ","พะเยา"
"5607","แม่ใจ","ภาคเหนือ","พะเยา"
"5608","ภูซาง","ภาคเหนือ","พะเยา"
"5609","ภูกามยาว","ภาคเหนือ","พะเยา"
"5701","เมืองเชียงราย","ภาคเหนือ","เชียงราย"
"5702","เวียงชัย","ภาคเหนือ","เชียงราย"
"5703","เชียงของ","ภาคเหนือ","เชียงราย"
"5704","เทิง","ภาคเหนือ","เชียงราย"
"5705","พาน","ภาคเหนือ","เชียงราย"
"5706","ป่าแดด","ภาคเหนือ","เชียงราย"
"5707","แม่จัน","ภาคเหนือ","เชียงราย"
"5708","เชียงแสน","ภาคเหนือ","เชียงราย"
"5709","แม่สาย","ภาคเหนือ","เชียงราย"
"5710","แม่สรวย","ภาคเหนือ","เชียงราย"
"5711","เวียงป่าเป้า","ภาคเหนือ","เชียงราย"
"5712","พญาเม็งราย","ภาคเหนือ","เชียงราย"
"5713","เวียงแก่น","ภาคเหนือ","เชียงราย"
"5714","ขุนตาล","ภาคเหนือ","เชียงราย"
"5715","แม่ฟ้าหลวง","ภาคเหนือ","เชียงราย"
"5716","แม่ลาว","ภาคเหนือ","เชียงราย"
"5717","เวียงเชียงรุ้ง","ภาคเหนือ","เชียงราย"
"5718","ดอยหลวง","ภาคเหนือ","เชียงราย"
"5801","เมืองแม่ฮ่องสอน","ภาคเหนือ","แม่ฮ่องสอน"
"5802","ขุนยวม","ภาคเหนือ","แม่ฮ่องสอน"
"5803","ปาย","ภาคเหนือ","แม่ฮ่องสอน"
"5804","แม่สะเรียง","ภาคเหนือ","แม่ฮ่องสอน"
"5805","แม่ลาน้อย","ภาคเหนือ","แม่ฮ่องสอน"
"5806","สบเมย","ภาคเหนือ","แม่ฮ่องสอน"
"5807","ปางมะผ้า","ภาคเหนือ","แม่ฮ่องสอน"
"5881","*อ.ม่วยต่อ จ.แม่ฮ่องสอน","ภาคเหนือ","แม่ฮ่องสอน"
"6001","เมืองนครสวรรค์","ภาคกลาง","นครสวรรค์"
"6002","โกรกพระ","ภาคกลาง","นครสวรรค์"
"6003","ชุมแสง","ภาคกลาง","นครสวรรค์"
"6004","หนองบัว","ภาคกลาง","นครสวรรค์"
"6005","บรรพตพิสัย","ภาคกลาง","นครสวรรค์"
"6006","เก้าเลี้ยว","ภาคกลาง","นครสวรรค์"
"6007","ตาคลี","ภาคกลาง","นครสวรรค์"
"6008","ท่าตะโก","ภาคกลาง","นครสวรรค์"
"6009","ไพศาลี","ภาคกลาง","นครสวรรค์"
"6010","พยุหะคีรี","ภาคกลาง","นครสวรรค์"
"6011","ลาดยาว","ภาคกลาง","นครสวรรค์"
"6012","ตากฟ้า","ภาคกลาง","นครสวรรค์"
"6013","แม่วงก์","ภาคกลาง","นครสวรรค์"
"6014","แม่เปิน","ภาคกลาง","นครสวรรค์"
"6015","ชุมตาบง","ภาคกลาง","นครสวรรค์"
"6051","สาขาตำบลห้วยน้ำหอม*","ภาคกลาง","นครสวรรค์"
"6052","กิ่งอำเภอชุมตาบง (สาขาตำบลชุมตาบง)*","ภาคกลาง","นครสวรรค์"
"6053","แม่วงก์ (สาขาตำบลแม่เล่ย์)*","ภาคกลาง","นครสวรรค์"
"6101","เมืองอุทัยธานี","ภาคกลาง","อุทัยธานี"
"6102","ทัพทัน","ภาคกลาง","อุทัยธานี"
"6103","สว่างอารมณ์","ภาคกลาง","อุทัยธานี"
"6104","หนองฉาง","ภาคกลาง","อุทัยธานี"
"6105","หนองขาหย่าง","ภาคกลาง","อุทัยธานี"
"6106","บ้านไร่","ภาคกลาง","อุทัยธานี"
"6107","ลานสัก","ภาคกลาง","อุทัยธานี"
"6108","ห้วยคต","ภาคกลาง","อุทัยธานี"
"6201","เมืองกำแพงเพชร","ภาคกลาง","กำแพงเพชร"
"6202","ไทรงาม","ภาคกลาง","กำแพงเพชร"
"6203","คลองลาน","ภาคกลาง","กำแพงเพชร"
"6204","ขาณุวรลักษบุรี","ภาคกลาง","กำแพงเพชร"
"6205","คลองขลุง","ภาคกลาง","กำแพงเพชร"
"6206","พรานกระต่าย","ภาคกลาง","กำแพงเพชร"
"6207","ลานกระบือ","ภาคกลาง","กำแพงเพชร"
"6208","ทรายทองวัฒนา","ภาคกลาง","กำแพงเพชร"
"6209","ปางศิลาทอง","ภาคกลาง","กำแพงเพชร"
"6210","บึงสามัคคี","ภาคกลาง","กำแพงเพชร"
"6211","โกสัมพีนคร","ภาคกลาง","กำแพงเพชร"
"6301","เมืองตาก","ภาคตะวันตก","ตาก"
"6302","บ้านตาก","ภาคตะวันตก","ตาก"
"6303","สามเงา","ภาคตะวันตก","ตาก"
"6304","แม่ระมาด","ภาคตะวันตก","ตาก"
"6305","ท่าสองยาง","ภาคตะวันตก","ตาก"
"6306","แม่สอด","ภาคตะวันตก","ตาก"
"6307","พบพระ","ภาคตะวันตก","ตาก"
"6308","อุ้มผาง","ภาคตะวันตก","ตาก"
"6309","วังเจ้า","ภาคตะวันตก","ตาก"
"6381","*กิ่ง อ.ท่าปุย จ.ตาก","ภาคตะวันตก","ตาก"
"6401","เมืองสุโขทัย","ภาคกลาง","สุโขทัย"
"6402","บ้านด่านลานหอย","ภาคกลาง","สุโขทัย"
"6403","คีรีมาศ","ภาคกลาง","สุโขทัย"
"6404","กงไกรลาศ","ภาคกลาง","สุโขทัย"
"6405","ศรีสัชนาลัย","ภาคกลาง","สุโขทัย"
"6406","ศรีสำโรง","ภาคกลาง","สุโขทัย"
"6407","สวรรคโลก","ภาคกลาง","สุโขทัย"
"6408","ศรีนคร","ภาคกลาง","สุโขทัย"
"6409","ทุ่งเสลี่ยม","ภาคกลาง","สุโขทัย"
"6501","เมืองพิษณุโลก","ภาคกลาง","พิษณุโลก"
"6502","นครไทย","ภาคกลาง","พิษณุโลก"
"6503","ชาติตระการ","ภาคกลาง","พิษณุโลก"
"6504","บางระกำ","ภาคกลาง","พิษณุโลก"
"6505","บางกระทุ่ม","ภาคกลาง","พิษณุโลก"
"6506","พรหมพิราม","ภาคกลาง","พิษณุโลก"
"6507","วัดโบสถ์","ภาคกลาง","พิษณุโลก"
"6508","วังทอง","ภาคกลาง","พิษณุโลก"
"6509","เนินมะปราง","ภาคกลาง","พิษณุโลก"
"6601","เมืองพิจิตร","ภาคกลาง","พิจิตร"
"6602","วังทรายพูน","ภาคกลาง","พิจิตร"
"6603","โพธิ์ประทับช้าง","ภาคกลาง","พิจิตร"
"6604","ตะพานหิน","ภาคกลาง","พิจิตร"
"6605","บางมูลนาก","ภาคกลาง","พิจิตร"
"6606","โพทะเล","ภาคกลาง","พิจิตร"
"6607","สามง่าม","ภาคกลาง","พิจิตร"
"6608","ทับคล้อ","ภาคกลาง","พิจิตร"
"6609","สากเหล็ก","ภาคกลาง","พิจิตร"
"6610","บึงนาราง","ภาคกลาง","พิจิตร"
"6611","ดงเจริญ","ภาคกลาง","พิจิตร"
"6612","วชิรบารมี","ภาคกลาง","พิจิตร"
"6701","เมืองเพชรบูรณ์","ภาคกลาง","เพชรบูรณ์"
"6702","ชนแดน","ภาคกลาง","เพชรบูรณ์"
"6703","หล่มสัก","ภาคกลาง","เพชรบูรณ์"
"6704","หล่มเก่า","ภาคกลาง","เพชรบูรณ์"
"6705","วิเชียรบุรี","ภาคกลาง","เพชรบูรณ์"
"6706","ศรีเทพ","ภาคกลาง","เพชรบูรณ์"
"6707","หนองไผ่","ภาคกลาง","เพชรบูรณ์"
"6708","บึงสามพัน","ภาคกลาง","เพชรบูรณ์"
"6709","น้ำหนาว","ภาคกลาง","เพชรบูรณ์"
"6710","วังโป่ง","ภาคกลาง","เพชรบูรณ์"
"6711","เขาค้อ","ภาคกลาง","เพชรบูรณ์"
"7001","เมืองราชบุรี","ภาคตะวันตก","ราชบุรี"
"7002","จอมบึง","ภาคตะวันตก","ราชบุรี"
"7003","สวนผึ้ง","ภาคตะวันตก","ราชบุรี"
"7004","ดำเนินสะดวก","ภาคตะวันตก","ราชบุรี"
"7005","บ้านโป่ง","ภาคตะวันตก","ราชบุรี"
"7006","บางแพ","ภาคตะวันตก","ราชบุรี"
"7007","โพธาราม","ภาคตะวันตก","ราชบุรี"
"7008","ปากท่อ","ภาคตะวันตก","ราชบุรี"
"7009","วัดเพลง","ภาคตะวันตก","ราชบุรี"
"7010","บ้านคา","ภาคตะวันตก","ราชบุรี"
"7074","ท้องถิ่นเทศบาลตำบลบ้านฆ้อง","ภาคตะวันตก","ราชบุรี"
"7101","เมืองกาญจนบุรี","ภาคตะวันตก","กาญจนบุรี"
"7102","ไทรโยค","ภาคตะวันตก","กาญจนบุรี"
"7103","บ่อพลอย","ภาคตะวันตก","กาญจนบุรี"
"7104","ศรีสวัสดิ์","ภาคตะวันตก","กาญจนบุรี"
"7105","ท่ามะกา","ภาคตะวันตก","กาญจนบุรี"
"7106","ท่าม่วง","ภาคตะวันตก","กาญจนบุรี"
"7107","ทองผาภูมิ","ภาคตะวันตก","กาญจนบุรี"
"7108","สังขละบุรี","ภาคตะวันตก","กาญจนบุรี"
"7109","พนมทวน","ภาคตะวันตก","กาญจนบุรี"
"7110","เลาขวัญ","ภาคตะวันตก","กาญจนบุรี"
"7111","ด่านมะขามเตี้ย","ภาคตะวันตก","กาญจนบุรี"
"7112","หนองปรือ","ภาคตะวันตก","กาญจนบุรี"
"7113","ห้วยกระเจา","ภาคตะวันตก","กาญจนบุรี"
"7151","สาขาตำบลท่ากระดาน*","ภาคตะวันตก","กาญจนบุรี"
"7181","*บ้านทวน จ.กาญจนบุรี","ภาคตะวันตก","กาญจนบุรี"
"7201","เมืองสุพรรณบุรี","ภาคกลาง","สุพรรณบุรี"
"7202","เดิมบางนางบวช","ภาคกลาง","สุพรรณบุรี"
"7203","ด่านช้าง","ภาคกลาง","สุพรรณบุรี"
"7204","บางปลาม้า","ภาคกลาง","สุพรรณบุรี"
"7205","ศรีประจันต์","ภาคกลาง","สุพรรณบุรี"
"7206","ดอนเจดีย์","ภาคกลาง","สุพรรณบุรี"
"7207","สองพี่น้อง","ภาคกลาง","สุพรรณบุรี"
"7208","สามชุก","ภาคกลาง","สุพรรณบุรี"
"7209","อู่ทอง","ภาคกลาง","สุพรรณบุรี"
"7210","หนองหญ้าไซ","ภาคกลาง","สุพรรณบุรี"
"7301","เมืองนครปฐม","ภาคกลาง","นครปฐม"
"7302","กำแพงแสน","ภาคกลาง","นครปฐม"
"7303","นครชัยศรี","ภาคกลาง","นครปฐม"
"7304","ดอนตูม","ภาคกลาง","นครปฐม"
"7305","บางเลน","ภาคกลาง","นครปฐม"
"7306","สามพราน","ภาคกลาง","นครปฐม"
"7307","พุทธมณฑล","ภาคกลาง","นครปฐม"
"7401","เมืองสมุทรสาคร","ภาคกลาง","สมุทรสาคร"
"7402","กระทุ่มแบน","ภาคกลาง","สมุทรสาคร"
"7403","บ้านแพ้ว","ภาคกลาง","สมุทรสาคร"
"7501","เมืองสมุทรสงคราม","ภาคกลาง","สมุทรสงคราม"
"7502","บางคนที","ภาคกลาง","สมุทรสงคราม"
"7503","อัมพวา","ภาคกลาง","สมุทรสงคราม"
"7601","เมืองเพชรบุรี","ภาคตะวันตก","เพชรบุรี"
"7602","เขาย้อย","ภาคตะวันตก","เพชรบุรี"
"7603","หนองหญ้าปล้อง","ภาคตะวันตก","เพชรบุรี"
"7604","ชะอำ","ภาคตะวันตก","เพชรบุรี"
"7605","ท่ายาง","ภาคตะวันตก","เพชรบุรี"
"7606","บ้านลาด","ภาคตะวันตก","เพชรบุรี"
"7607","บ้านแหลม","ภาคตะวันตก","เพชรบุรี"
"7608","แก่งกระจาน","ภาคตะวันตก","เพชรบุรี"
"7701","เมืองประจวบคีรีขันธ์","ภาคตะวันตก","ประจวบคีรีขันธ์"
"7702","กุยบุรี","ภาคตะวันตก","ประจวบคีรีขันธ์"
"7703","ทับสะแก","ภาคตะวันตก","ประจวบคีรีขันธ์"
"7704","บางสะพาน","ภาคตะวันตก","ประจวบคีรีขันธ์"
"7705","บางสะพานน้อย","ภาคตะวันตก","ประจวบคีรีขันธ์"
"7706","ปราณบุรี","ภาคตะวันตก","ประจวบคีรีขันธ์"
"7707","หัวหิน","ภาคตะวันตก","ประจวบคีรีขันธ์"
"7708","สามร้อยยอด","ภาคตะวันตก","ประจวบคีรีขันธ์"
"8001","เมืองนครศรีธรรมราช","ภาคใต้","นครศรีธรรมราช"
"8002","พรหมคีรี","ภาคใต้","นครศรีธรรมราช"
"8003","ลานสกา","ภาคใต้","นครศรีธรรมราช"
"8004","ฉวาง","ภาคใต้","นครศรีธรรมราช"
"8005","พิปูน","ภาคใต้","นครศรีธรรมราช"
"8006","เชียรใหญ่","ภาคใต้","นครศรีธรรมราช"
"8007","ชะอวด","ภาคใต้","นครศรีธรรมราช"
"8008","ท่าศาลา","ภาคใต้","นครศรีธรรมราช"
"8009","ทุ่งสง","ภาคใต้","นครศรีธรรมราช"
"8010","นาบอน","ภาคใต้","นครศรีธรรมราช"
"8011","ทุ่งใหญ่","ภาคใต้","นครศรีธรรมราช"
"8012","ปากพนัง","ภาคใต้","นครศรีธรรมราช"
"8013","ร่อนพิบูลย์","ภาคใต้","นครศรีธรรมราช"
"8014","สิชล","ภาคใต้","นครศรีธรรมราช"
"8015","ขนอม","ภาคใต้","นครศรีธรรมราช"
"8016","หัวไทร","ภาคใต้","นครศรีธรรมราช"
"8017","บางขัน","ภาคใต้","นครศรีธรรมราช"
"8018","ถ้ำพรรณรา","ภาคใต้","นครศรีธรรมราช"
"8019","จุฬาภรณ์","ภาคใต้","นครศรีธรรมราช"
"8020","พระพรหม","ภาคใต้","นครศรีธรรมราช"
"8021","นบพิตำ","ภาคใต้","นครศรีธรรมราช"
"8022","ช้างกลาง","ภาคใต้","นครศรีธรรมราช"
"8023","เฉลิมพระเกียรติ","ภาคใต้","นครศรีธรรมราช"
"8051","เชียรใหญ่ (สาขาตำบลเสือหึง)*","ภาคใต้","นครศรีธรรมราช"
"8052","สาขาตำบลสวนหลวง**","ภาคใต้","นครศรีธรรมราช"
"8053","ร่อนพิบูลย์ (สาขาตำบลหินตก)*","ภาคใต้","นครศรีธรรมราช"
"8054","หัวไทร (สาขาตำบลควนชะลิก)*","ภาคใต้","นครศรีธรรมราช"
"8055","ทุ่งสง (สาขาตำบลกะปาง)*","ภาคใต้","นครศรีธรรมราช"
"8101","เมืองกระบี่","ภาคใต้","กระบี่"
"8102","เขาพนม","ภาคใต้","กระบี่"
"8103","เกาะลันตา","ภาคใต้","กระบี่"
"8104","คลองท่อม","ภาคใต้","กระบี่"
"8105","อ่าวลึก","ภาคใต้","กระบี่"
"8106","ปลายพระยา","ภาคใต้","กระบี่"
"8107","ลำทับ","ภาคใต้","กระบี่"
"8108","เหนือคลอง","ภาคใต้","กระบี่"
"8201","เมืองพังงา","ภาคใต้","พังงา"
"8202","เกาะยาว","ภาคใต้","พังงา"
"8203","กะปง","ภาคใต้","พังงา"
"8204","ตะกั่วทุ่ง","ภาคใต้","พังงา"
"8205","ตะกั่วป่า","ภาคใต้","พังงา"
"8206","คุระบุรี","ภาคใต้","พังงา"
"8207","ทับปุด","ภาคใต้","พังงา"
"8208","ท้ายเหมือง","ภาคใต้","พังงา"
"8301","เมืองภูเก็ต","ภาคใต้","ภูเก็ต"
"8302","กะทู้","ภาคใต้","ภูเก็ต"
"8303","ถลาง","ภาคใต้","ภูเก็ต"
"8381","*ทุ่งคา","ภาคใต้","ภูเก็ต"
"8401","เมืองสุราษฎร์ธานี","ภาคใต้","สุราษฎร์ธานี"
"8402","กาญจนดิษฐ์","ภาคใต้","สุราษฎร์ธานี"
"8403","ดอนสัก","ภาคใต้","สุราษฎร์ธานี"
"8404","เกาะสมุย","ภาคใต้","สุราษฎร์ธานี"
"8405","เกาะพะงัน","ภาคใต้","สุราษฎร์ธานี"
"8406","ไชยา","ภาคใต้","สุราษฎร์ธานี"
"8407","ท่าชนะ","ภาคใต้","สุราษฎร์ธานี"
"8408","คีรีรัฐนิคม","ภาคใต้","สุราษฎร์ธานี"
"8409","บ้านตาขุน","ภาคใต้","สุราษฎร์ธานี"
"8410","พนม","ภาคใต้","สุราษฎร์ธานี"
"8411","ท่าฉาง","ภาคใต้","สุราษฎร์ธานี"
"8412","บ้านนาสาร","ภาคใต้","สุราษฎร์ธานี"
"8413","บ้านนาเดิม","ภาคใต้","สุราษฎร์ธานี"
"8414","เคียนซา","ภาคใต้","สุราษฎร์ธานี"
"8415","เวียงสระ","ภาคใต้","สุราษฎร์ธานี"
"8416","พระแสง","ภาคใต้","สุราษฎร์ธานี"
"8417","พุนพิน","ภาคใต้","สุราษฎร์ธานี"
"8418","ชัยบุรี","ภาคใต้","สุราษฎร์ธานี"
"8419","วิภาวดี","ภาคใต้","สุราษฎร์ธานี"
"8451","เกาะพงัน (สาขาตำบลเกาะเต่า)*","ภาคใต้","สุราษฎร์ธานี"
"8481","*อ.บ้านดอน จ.สุราษฎร์ธานี","ภาคใต้","สุราษฎร์ธานี"
"8501","เมืองระนอง","ภาคใต้","ระนอง"
"8502","ละอุ่น","ภาคใต้","ระนอง"
"8503","กะเปอร์","ภาคใต้","ระนอง"
"8504","กระบุรี","ภาคใต้","ระนอง"
"8505","สุขสำราญ","ภาคใต้","ระนอง"
"8601","เมืองชุมพร","ภาคใต้","ชุมพร"
"8602","ท่าแซะ","ภาคใต้","ชุมพร"
"8603","ปะทิว","ภาคใต้","ชุมพร"
"8604","หลังสวน","ภาคใต้","ชุมพร"
"8605","ละแม","ภาคใต้","ชุมพร"
"8606","พะโต๊ะ","ภาคใต้","ชุมพร"
"8607","สวี","ภาคใต้","ชุมพร"
"8608","ทุ่งตะโก","ภาคใต้","ชุมพร"
"9001","เมืองสงขลา","ภาคใต้","สงขลา"
"9002","สทิงพระ","ภาคใต้","สงขลา"
"9003","จะนะ","ภาคใต้","สงขลา"
"9004","นาทวี","ภาคใต้","สงขลา"
"9005","เทพา","ภาคใต้","สงขลา"
"9006","สะบ้าย้อย","ภาคใต้","สงขลา"
"9007","ระโนด","ภาคใต้","สงขลา"
"9008","กระแสสินธุ์","ภาคใต้","สงขลา"
"9009","รัตภูมิ","ภาคใต้","สงขลา"
"9010","สะเดา","ภาคใต้","สงขลา"
"9011","หาดใหญ่","ภาคใต้","สงขลา"
"9012","นาหม่อม","ภาคใต้","สงขลา"
"9013","ควนเนียง","ภาคใต้","สงขลา"
"9014","บางกล่ำ","ภาคใต้","สงขลา"
"9015","สิงหนคร","ภาคใต้","สงขลา"
"9016","คลองหอยโข่ง","ภาคใต้","สงขลา"
"9077","ท้องถิ่นเทศบาลตำบลสำนักขาม","ภาคใต้","สงขลา"
"9096","เทศบาลตำบลบ้านพรุ*","ภาคใต้","สงขลา"
"9101","เมืองสตูล","ภาคใต้","สตูล"
"9102","ควนโดน","ภาคใต้","สตูล"
"9103","ควนกาหลง","ภาคใต้","สตูล"
"9104","ท่าแพ","ภาคใต้","สตูล"
"9105","ละงู","ภาคใต้","สตูล"
"9106","ทุ่งหว้า","ภาคใต้","สตูล"
"9107","มะนัง","ภาคใต้","สตูล"
"9201","เมืองตรัง","ภาคใต้","ตรัง"
"9202","กันตัง","ภาคใต้","ตรัง"
"9203","ย่านตาขาว","ภาคใต้","ตรัง"
"9204","ปะเหลียน","ภาคใต้","ตรัง"
"9205","สิเกา","ภาคใต้","ตรัง"
"9206","ห้วยยอด","ภาคใต้","ตรัง"
"9207","วังวิเศษ","ภาคใต้","ตรัง"
"9208","นาโยง","ภาคใต้","ตรัง"
"9209","รัษฎา","ภาคใต้","ตรัง"
"9210","หาดสำราญ","ภาคใต้","ตรัง"
"9251","อำเภอเมืองตรัง(สาขาคลองเต็ง)**","ภาคใต้","ตรัง"
"9301","เมืองพัทลุง","ภาคใต้","พัทลุง"
"9302","กงหรา","ภาคใต้","พัทลุง"
"9303","เขาชัยสน","ภาคใต้","พัทลุง"
"9304","ตะโหมด","ภาคใต้","พัทลุง"
"9305","ควนขนุน","ภาคใต้","พัทลุง"
"9306","ปากพะยูน","ภาคใต้","พัทลุง"
"9307","ศรีบรรพต","ภาคใต้","พัทลุง"
"9308","ป่าบอน","ภาคใต้","พัทลุง"
"9309","บางแก้ว","ภาคใต้","พัทลุง"
"9310","ป่าพะยอม","ภาคใต้","พัทลุง"
"9311","ศรีนครินทร์","ภาคใต้","พัทลุง"
"9401","เมืองปัตตานี","ภาคใต้","ปัตตานี"
"9402","โคกโพธิ์","ภาคใต้","ปัตตานี"
"9403","หนองจิก","ภาคใต้","ปัตตานี"
"9404","ปะนาเระ","ภาคใต้","ปัตตานี"
"9405","มายอ","ภาคใต้","ปัตตานี"
"9406","ทุ่งยางแดง","ภาคใต้","ปัตตานี"
"9407","สายบุรี","ภาคใต้","ปัตตานี"
"9408","ไม้แก่น","ภาคใต้","ปัตตานี"
"9409","ยะหริ่ง","ภาคใต้","ปัตตานี"
"9410","ยะรัง","ภาคใต้","ปัตตานี"
"9411","กะพ้อ","ภาคใต้","ปัตตานี"
"9412","แม่ลาน","ภาคใต้","ปัตตานี"
"9501","เมืองยะลา","ภาคใต้","ยะลา"
"9502","เบตง","ภาคใต้","ยะลา"
"9503","บันนังสตา","ภาคใต้","ยะลา"
"9504","ธารโต","ภาคใต้","ยะลา"
"9505","ยะหา","ภาคใต้","ยะลา"
"9506","รามัน","ภาคใต้","ยะลา"
"9507","กาบัง","ภาคใต้","ยะลา"
"9508","กรงปินัง","ภาคใต้","ยะลา"
"9601","เมืองนราธิวาส","ภาคใต้","นราธิวาส"
"9602","ตากใบ","ภาคใต้","นราธิวาส"
"9603","บาเจาะ","ภาคใต้","นราธิวาส"
"9604","ยี่งอ","ภาคใต้","นราธิวาส"
"9605","ระแงะ","ภาคใต้","นราธิวาส"
"9606","รือเสาะ","ภาคใต้","นราธิวาส"
"9607","ศรีสาคร","ภาคใต้","นราธิวาส"
"9608","แว้ง","ภาคใต้","นราธิวาส"
"9609","สุคิริน","ภาคใต้","นราธิวาส"
"9610","สุไหงโก-ลก","ภาคใต้","นราธิวาส"
"9611","สุไหงปาดี","ภาคใต้","นราธิวาส"
"9612","จะแนะ","ภาคใต้","นราธิวาส"
"9613","เจาะไอร้อง","ภาคใต้","นราธิวาส"
"9681","*อ.บางนรา จ.นราธิวาส","ภาคใต้","นราธิวาส"
"3807","ปากคาด","ภาคตะวันออกเฉียงเหนือ","บึงกาฬ"
"3806","บึงโขงหลง","ภาคตะวันออกเฉียงเหนือ","บึงกาฬ"
"3805","ศรีวิไล","ภาคตะวันออกเฉียงเหนือ","บึงกาฬ"
"3804","พรเจริญ","ภาคตะวันออกเฉียงเหนือ","บึงกาฬ"
"3803","โซ่พิสัย","ภาคตะวันออกเฉียงเหนือ","บึงกาฬ"
"3802","เซกา","ภาคตะวันออกเฉียงเหนือ","บึงกาฬ"
"3801","เมืองบึงกาฬ","ภาคตะวันออกเฉียงเหนือ","บึงกาฬ"
"3808","บุ่งคล้า","ภาคตะวันออกเฉียงเหนือ","บึงกาฬ"
